platform,content_type,day,hour,followers,post_length,has_hashtags,engagement_rate
Instagram,Image,Mon,8,8814,51,0,0.0314
Instagram,Video,Mon,8,32141,48,0,0.0411
Instagram,Carousel,Mon,8,32612,120,0,0.0395
Instagram,Text,Mon,8,23522,138,1,0.0387
Instagram,Image,Mon,10,24147,107,0,0.0389
Instagram,Video,Mon,10,28595,71,0,0.0414
Instagram,Carousel,Mon,10,47426,137,0,0.0415
Instagram,Text,Mon,10,3315,135,1,0.0388
Instagram,Image,Mon,12,35976,137,0,0.0360
Instagram,Video,Mon,12,28784,53,1,0.0450
Instagram,Carousel,Mon,12,46563,120,1,0.0476
Instagram,Text,Mon,12,27913,157,0,0.0330
Instagram,Image,Mon,14,35616,109,0,0.0374
Instagram,Video,Mon,14,15208,149,0,0.0440
Instagram,Carousel,Mon,14,21836,135,1,0.0410
Instagram,Text,Mon,14,45756,71,1,0.0393
Instagram,Image,Mon,16,48586,121,0,0.0375
Instagram,Video,Mon,16,47461,41,1,0.0411
Instagram,Carousel,Mon,16,25972,51,0,0.0415
Instagram,Text,Mon,16,43701,136,0,0.0376
Instagram,Image,Mon,18,22879,71,0,0.0428
Instagram,Video,Mon,18,44640,163,1,0.0496
Instagram,Carousel,Mon,18,6318,49,0,0.0429
Instagram,Text,Mon,18,49584,65,0,0.0404
Instagram,Image,Mon,20,37460,86,0,0.0379
Instagram,Video,Mon,20,12281,205,0,0.0456
Instagram,Carousel,Mon,20,46382,140,1,0.0479
Instagram,Text,Mon,20,26494,129,1,0.0467
Instagram,Image,Tue,8,25097,168,0,0.0388
Instagram,Video,Tue,8,27555,81,1,0.0455
Instagram,Carousel,Tue,8,38499,212,1,0.0412
Instagram,Text,Tue,8,26783,78,0,0.0318
Instagram,Image,Tue,10,49531,163,1,0.0387
Instagram,Video,Tue,10,12696,74,1,0.0460
Instagram,Carousel,Tue,10,10104,189,1,0.0475
Instagram,Text,Tue,10,45794,177,1,0.0394
Instagram,Image,Tue,12,27579,192,1,0.0411
Instagram,Video,Tue,12,20634,45,1,0.0438
Instagram,Carousel,Tue,12,25583,91,0,0.0416
Instagram,Text,Tue,12,16151,122,1,0.0402
Instagram,Image,Tue,14,9911,147,1,0.0396
Instagram,Video,Tue,14,13984,159,0,0.0409
Instagram,Carousel,Tue,14,47732,58,1,0.0463
Instagram,Text,Tue,14,3504,159,0,0.0381
Instagram,Image,Tue,16,42983,212,0,0.0387
Instagram,Video,Tue,16,17157,101,0,0.0432
Instagram,Carousel,Tue,16,9509,87,0,0.0442
Instagram,Text,Tue,16,17212,83,0,0.0335
Instagram,Image,Tue,18,28241,63,0,0.0369
Instagram,Video,Tue,18,17813,114,0,0.0449
Instagram,Carousel,Tue,18,38530,212,1,0.0451
Instagram,Text,Tue,18,22441,124,1,0.0420
Instagram,Image,Tue,20,5609,93,1,0.0421
Instagram,Video,Tue,20,36174,121,0,0.0491
Instagram,Carousel,Tue,20,5496,210,1,0.0459
Instagram,Text,Tue,20,35069,104,0,0.0402
Instagram,Image,Wed,8,46421,135,1,0.0401
Instagram,Video,Wed,8,19868,209,1,0.0409
Instagram,Carousel,Wed,8,22685,212,0,0.0423
Instagram,Text,Wed,8,33837,130,0,0.0367
Instagram,Image,Wed,10,44969,184,0,0.0362
Instagram,Video,Wed,10,48354,201,0,0.0384
Instagram,Carousel,Wed,10,43450,156,0,0.0379
Instagram,Text,Wed,10,37185,76,1,0.0392
Instagram,Image,Wed,12,43071,192,1,0.0384
Instagram,Video,Wed,12,42933,87,1,0.0439
Instagram,Carousel,Wed,12,12059,220,0,0.0379
Instagram,Text,Wed,12,12377,181,1,0.0369
Instagram,Image,Wed,14,17922,109,1,0.0344
Instagram,Video,Wed,14,9447,50,1,0.0440
Instagram,Carousel,Wed,14,16700,218,1,0.0470
Instagram,Text,Wed,14,26933,154,0,0.0338
Instagram,Image,Wed,16,7848,78,1,0.0387
Instagram,Video,Wed,16,45161,68,0,0.0385
Instagram,Carousel,Wed,16,12897,185,1,0.0454
Instagram,Text,Wed,16,26136,72,0,0.0379
Instagram,Image,Wed,18,13190,179,0,0.0405
Instagram,Video,Wed,18,13743,104,1,0.0513
Instagram,Carousel,Wed,18,2471,153,1,0.0526
Instagram,Text,Wed,18,25609,120,1,0.0441
Instagram,Image,Wed,20,35173,215,1,0.0462
Instagram,Video,Wed,20,44254,163,0,0.0468
Instagram,Carousel,Wed,20,48133,202,0,0.0429
Instagram,Text,Wed,20,43880,99,1,0.0404
Instagram,Image,Thu,8,41461,157,0,0.0325
Instagram,Video,Thu,8,35204,94,0,0.0435
Instagram,Carousel,Thu,8,42833,153,0,0.0415
Instagram,Text,Thu,8,43590,79,0,0.0347
Instagram,Image,Thu,10,6315,199,0,0.0312
Instagram,Video,Thu,10,41023,99,0,0.0410
Instagram,Carousel,Thu,10,1738,126,1,0.0426
Instagram,Text,Thu,10,23031,217,0,0.0316
Instagram,Image,Thu,12,39895,48,0,0.0369
Instagram,Video,Thu,12,23017,92,0,0.0439
Instagram,Carousel,Thu,12,29140,218,0,0.0409
Instagram,Text,Thu,12,7651,50,1,0.0346
Instagram,Image,Thu,14,13627,220,0,0.0341
Instagram,Video,Thu,14,31516,219,0,0.0413
Instagram,Carousel,Thu,14,28163,93,1,0.0424
Instagram,Text,Thu,14,30935,157,1,0.0375
Instagram,Image,Thu,16,30343,49,1,0.0369
Instagram,Video,Thu,16,24812,154,1,0.0448
Instagram,Carousel,Thu,16,15170,40,0,0.0391
Instagram,Text,Thu,16,24724,76,1,0.0383
Instagram,Image,Thu,18,10926,93,0,0.0374
Instagram,Video,Thu,18,26959,168,0,0.0471
Instagram,Carousel,Thu,18,9626,68,0,0.0455
Instagram,Text,Thu,18,12611,55,0,0.0392
Instagram,Image,Thu,20,21331,144,0,0.0416
Instagram,Video,Thu,20,3849,101,1,0.0453
Instagram,Carousel,Thu,20,32825,46,0,0.0439
Instagram,Text,Thu,20,25999,161,0,0.0373
Instagram,Image,Fri,8,41292,69,1,0.0413
Instagram,Video,Fri,8,39455,53,1,0.0422
Instagram,Carousel,Fri,8,31000,116,1,0.0420
Instagram,Text,Fri,8,17920,47,1,0.0390
Instagram,Image,Fri,10,23092,121,0,0.0315
Instagram,Video,Fri,10,29033,62,0,0.0378
Instagram,Carousel,Fri,10,45119,63,0,0.0384
Instagram,Text,Fri,10,2899,163,0,0.0325
Instagram,Image,Fri,12,33905,124,0,0.0382
Instagram,Video,Fri,12,31752,127,1,0.0473
Instagram,Carousel,Fri,12,43663,48,1,0.0424
Instagram,Text,Fri,12,40275,201,1,0.0347
Instagram,Image,Fri,14,19730,87,1,0.0349
Instagram,Video,Fri,14,26050,180,1,0.0443
Instagram,Carousel,Fri,14,26898,84,1,0.0467
Instagram,Text,Fri,14,36763,131,0,0.0339
Instagram,Image,Fri,16,27679,152,0,0.0346
Instagram,Video,Fri,16,46554,163,1,0.0422
Instagram,Carousel,Fri,16,11624,169,1,0.0476
Instagram,Text,Fri,16,3300,79,0,0.0367
Instagram,Image,Fri,18,2004,159,0,0.0421
Instagram,Video,Fri,18,44889,209,0,0.0446
Instagram,Carousel,Fri,18,39866,204,0,0.0490
Instagram,Text,Fri,18,3657,155,1,0.0462
Instagram,Image,Fri,20,48528,205,1,0.0470
Instagram,Video,Fri,20,609,58,0,0.0452
Instagram,Carousel,Fri,20,7381,126,1,0.0459
Instagram,Text,Fri,20,5801,206,0,0.0379
Instagram,Image,Sat,8,3699,79,0,0.0357
Instagram,Video,Sat,8,1263,68,0,0.0393
Instagram,Carousel,Sat,8,14181,96,1,0.0440
Instagram,Text,Sat,8,40106,121,0,0.0347
Instagram,Image,Sat,10,41289,60,0,0.0376
Instagram,Video,Sat,10,7874,193,0,0.0439
Instagram,Carousel,Sat,10,7145,91,1,0.0407
Instagram,Text,Sat,10,30989,142,0,0.0376
Instagram,Image,Sat,12,45106,197,0,0.0361
Instagram,Video,Sat,12,44311,219,1,0.0432
Instagram,Carousel,Sat,12,43824,154,0,0.0393
Instagram,Text,Sat,12,39454,153,1,0.0356
Instagram,Image,Sat,14,35835,41,1,0.0364
Instagram,Video,Sat,14,42617,59,1,0.0428
Instagram,Carousel,Sat,14,32254,58,1,0.0434
Instagram,Text,Sat,14,42994,57,0,0.0330
Instagram,Image,Sat,16,4595,125,0,0.0344
Instagram,Video,Sat,16,6017,104,0,0.0396
Instagram,Carousel,Sat,16,49621,92,0,0.0440
Instagram,Text,Sat,16,48677,196,1,0.0415
Instagram,Image,Sat,18,35608,147,1,0.0466
Instagram,Video,Sat,18,41379,144,1,0.0521
Instagram,Carousel,Sat,18,27171,160,0,0.0443
Instagram,Text,Sat,18,1687,87,0,0.0362
Instagram,Image,Sat,20,10375,115,0,0.0411
Instagram,Video,Sat,20,3158,89,0,0.0442
Instagram,Carousel,Sat,20,28837,49,1,0.0487
Instagram,Text,Sat,20,13393,113,0,0.0368
Instagram,Image,Sun,8,20117,145,1,0.0346
Instagram,Video,Sun,8,10540,164,1,0.0478
Instagram,Carousel,Sun,8,42066,135,0,0.0405
Instagram,Text,Sun,8,30853,161,0,0.0339
Instagram,Image,Sun,10,19400,113,0,0.0347
Instagram,Video,Sun,10,24047,116,0,0.0444
Instagram,Carousel,Sun,10,34550,42,0,0.0381
Instagram,Text,Sun,10,35290,78,0,0.0323
Instagram,Image,Sun,12,3793,40,0,0.0389
Instagram,Video,Sun,12,31023,130,1,0.0478
Instagram,Carousel,Sun,12,2801,165,0,0.0389
Instagram,Text,Sun,12,18641,150,1,0.0407
Instagram,Image,Sun,14,40050,179,0,0.0346
Instagram,Video,Sun,14,17652,103,1,0.0433
Instagram,Carousel,Sun,14,17562,126,0,0.0372
Instagram,Text,Sun,14,2945,200,0,0.0383
Instagram,Image,Sun,16,37445,103,0,0.0369
Instagram,Video,Sun,16,27528,170,1,0.0444
Instagram,Carousel,Sun,16,18823,44,0,0.0374
Instagram,Text,Sun,16,32338,204,0,0.0382
Instagram,Image,Sun,18,30651,159,1,0.0420
Instagram,Video,Sun,18,41928,83,1,0.0465
Instagram,Carousel,Sun,18,45312,75,0,0.0453
Instagram,Text,Sun,18,23562,153,1,0.0412
Instagram,Image,Sun,20,17249,155,1,0.0467
Instagram,Video,Sun,20,10678,187,1,0.0461
Instagram,Carousel,Sun,20,2974,145,1,0.0518
Instagram,Text,Sun,20,30576,189,1,0.0392
LinkedIn,Image,Mon,8,38151,193,0,0.0199
LinkedIn,Video,Mon,8,18840,108,0,0.0255
LinkedIn,Carousel,Mon,8,5470,135,0,0.0261
LinkedIn,Text,Mon,8,49818,204,1,0.0206
LinkedIn,Image,Mon,10,23162,86,1,0.0265
LinkedIn,Video,Mon,10,26490,120,0,0.0242
LinkedIn,Carousel,Mon,10,2982,121,1,0.0299
LinkedIn,Text,Mon,10,36884,112,0,0.0171
LinkedIn,Image,Mon,12,16898,145,0,0.0200
LinkedIn,Video,Mon,12,13606,60,0,0.0279
LinkedIn,Carousel,Mon,12,8601,201,0,0.0295
LinkedIn,Text,Mon,12,45854,57,1,0.0211
LinkedIn,Image,Mon,14,32143,158,1,0.0213
LinkedIn,Video,Mon,14,37170,52,0,0.0239
LinkedIn,Carousel,Mon,14,11512,76,0,0.0292
LinkedIn,Text,Mon,14,12159,216,1,0.0244
LinkedIn,Image,Mon,16,42897,42,0,0.0191
LinkedIn,Video,Mon,16,12315,200,0,0.0245
LinkedIn,Carousel,Mon,16,43009,73,0,0.0224
LinkedIn,Text,Mon,16,10462,176,0,0.0191
LinkedIn,Image,Mon,18,7516,150,1,0.0255
LinkedIn,Video,Mon,18,2223,111,0,0.0281
LinkedIn,Carousel,Mon,18,10019,115,0,0.0301
LinkedIn,Text,Mon,18,40062,59,0,0.0211
LinkedIn,Image,Mon,20,24806,76,1,0.0260
LinkedIn,Video,Mon,20,23724,179,1,0.0308
LinkedIn,Carousel,Mon,20,21030,161,0,0.0329
LinkedIn,Text,Mon,20,35291,153,1,0.0277
LinkedIn,Image,Tue,8,35766,118,1,0.0202
LinkedIn,Video,Tue,8,30400,138,0,0.0281
LinkedIn,Carousel,Tue,8,19871,85,1,0.0327
LinkedIn,Text,Tue,8,11504,121,1,0.0257
LinkedIn,Image,Tue,10,9045,53,0,0.0193
LinkedIn,Video,Tue,10,12157,69,0,0.0233
LinkedIn,Carousel,Tue,10,8528,143,1,0.0292
LinkedIn,Text,Tue,10,18531,63,1,0.0233
LinkedIn,Image,Tue,12,29413,123,0,0.0207
LinkedIn,Video,Tue,12,14821,122,1,0.0291
LinkedIn,Carousel,Tue,12,24978,203,1,0.0297
LinkedIn,Text,Tue,12,46539,193,1,0.0259
LinkedIn,Image,Tue,14,22870,113,1,0.0212
LinkedIn,Video,Tue,14,8572,194,0,0.0279
LinkedIn,Carousel,Tue,14,22848,205,0,0.0243
LinkedIn,Text,Tue,14,17988,155,0,0.0198
LinkedIn,Image,Tue,16,35327,85,1,0.0270
LinkedIn,Video,Tue,16,3879,57,1,0.0284
LinkedIn,Carousel,Tue,16,40512,114,0,0.0239
LinkedIn,Text,Tue,16,25515,138,0,0.0239
LinkedIn,Image,Tue,18,24526,171,0,0.0214
LinkedIn,Video,Tue,18,32879,70,1,0.0359
LinkedIn,Carousel,Tue,18,26031,183,1,0.0301
LinkedIn,Text,Tue,18,24883,169,1,0.0272
LinkedIn,Image,Tue,20,24914,206,0,0.0257
LinkedIn,Video,Tue,20,10081,122,0,0.0270
LinkedIn,Carousel,Tue,20,4714,197,0,0.0281
LinkedIn,Text,Tue,20,5844,93,1,0.0275
LinkedIn,Image,Wed,8,13401,47,0,0.0203
LinkedIn,Video,Wed,8,21066,176,1,0.0309
LinkedIn,Carousel,Wed,8,47756,94,1,0.0277
LinkedIn,Text,Wed,8,38787,70,1,0.0208
LinkedIn,Image,Wed,10,9604,118,1,0.0234
LinkedIn,Video,Wed,10,8189,84,0,0.0254
LinkedIn,Carousel,Wed,10,23520,137,0,0.0259
LinkedIn,Text,Wed,10,12536,161,1,0.0201
LinkedIn,Image,Wed,12,13846,170,1,0.0237
LinkedIn,Video,Wed,12,43743,116,1,0.0273
LinkedIn,Carousel,Wed,12,42469,216,0,0.0225
LinkedIn,Text,Wed,12,49886,122,0,0.0228
LinkedIn,Image,Wed,14,21758,162,1,0.0241
LinkedIn,Video,Wed,14,6671,208,1,0.0302
LinkedIn,Carousel,Wed,14,38698,97,1,0.0266
LinkedIn,Text,Wed,14,26181,62,0,0.0211
LinkedIn,Image,Wed,16,2240,170,0,0.0206
LinkedIn,Video,Wed,16,6089,86,0,0.0286
LinkedIn,Carousel,Wed,16,35827,141,1,0.0278
LinkedIn,Text,Wed,16,30382,209,0,0.0176
LinkedIn,Image,Wed,18,20066,127,0,0.0257
LinkedIn,Video,Wed,18,24382,198,1,0.0325
LinkedIn,Carousel,Wed,18,38818,174,0,0.0306
LinkedIn,Text,Wed,18,47773,150,1,0.0290
LinkedIn,Image,Wed,20,32843,95,0,0.0276
LinkedIn,Video,Wed,20,30437,70,1,0.0367
LinkedIn,Carousel,Wed,20,21170,87,0,0.0296
LinkedIn,Text,Wed,20,16680,138,0,0.0229
LinkedIn,Image,Thu,8,24546,139,0,0.0174
LinkedIn,Video,Thu,8,16930,128,1,0.0254
LinkedIn,Carousel,Thu,8,22795,68,0,0.0238
LinkedIn,Text,Thu,8,29478,84,0,0.0180
LinkedIn,Image,Thu,10,46350,93,0,0.0225
LinkedIn,Video,Thu,10,24405,195,0,0.0234
LinkedIn,Carousel,Thu,10,49721,175,1,0.0298
LinkedIn,Text,Thu,10,28322,193,0,0.0210
LinkedIn,Image,Thu,12,29489,135,0,0.0166
LinkedIn,Video,Thu,12,35648,157,1,0.0251
LinkedIn,Carousel,Thu,12,12064,108,1,0.0305
LinkedIn,Text,Thu,12,15041,139,1,0.0218
LinkedIn,Image,Thu,14,41072,163,0,0.0169
LinkedIn,Video,Thu,14,27971,126,0,0.0267
LinkedIn,Carousel,Thu,14,7555,129,0,0.0288
LinkedIn,Text,Thu,14,31813,201,0,0.0229
LinkedIn,Image,Thu,16,29771,135,1,0.0193
LinkedIn,Video,Thu,16,23261,202,0,0.0270
LinkedIn,Carousel,Thu,16,46506,181,1,0.0297
LinkedIn,Text,Thu,16,44931,113,1,0.0269
LinkedIn,Image,Thu,18,49524,206,1,0.0314
LinkedIn,Video,Thu,18,28219,213,1,0.0334
LinkedIn,Carousel,Thu,18,24750,185,0,0.0290
LinkedIn,Text,Thu,18,46219,88,1,0.0297
LinkedIn,Image,Thu,20,21736,181,0,0.0236
LinkedIn,Video,Thu,20,48005,164,0,0.0313
LinkedIn,Carousel,Thu,20,30999,90,1,0.0344
LinkedIn,Text,Thu,20,24467,67,0,0.0259
LinkedIn,Image,Fri,8,46496,91,0,0.0200
LinkedIn,Video,Fri,8,11455,70,0,0.0264
LinkedIn,Carousel,Fri,8,8186,139,1,0.0282
LinkedIn,Text,Fri,8,4830,162,1,0.0245
LinkedIn,Image,Fri,10,15602,106,0,0.0177
LinkedIn,Video,Fri,10,7713,162,1,0.0285
LinkedIn,Carousel,Fri,10,17688,134,0,0.0241
LinkedIn,Text,Fri,10,33972,91,0,0.0180
LinkedIn,Image,Fri,12,17432,128,1,0.0262
LinkedIn,Video,Fri,12,6958,220,0,0.0280
LinkedIn,Carousel,Fri,12,15269,157,1,0.0328
LinkedIn,Text,Fri,12,21915,76,0,0.0163
LinkedIn,Image,Fri,14,32670,108,0,0.0190
LinkedIn,Video,Fri,14,29409,149,1,0.0328
LinkedIn,Carousel,Fri,14,28678,105,1,0.0294
LinkedIn,Text,Fri,14,38880,139,0,0.0164
LinkedIn,Image,Fri,16,11638,150,0,0.0177
LinkedIn,Video,Fri,16,9093,169,0,0.0288
LinkedIn,Carousel,Fri,16,48168,204,1,0.0271
LinkedIn,Text,Fri,16,41672,182,1,0.0206
LinkedIn,Image,Fri,18,10884,95,0,0.0249
LinkedIn,Video,Fri,18,48897,113,0,0.0279
LinkedIn,Carousel,Fri,18,22572,211,0,0.0291
LinkedIn,Text,Fri,18,6187,199,0,0.0281
LinkedIn,Image,Fri,20,9551,64,0,0.0266
LinkedIn,Video,Fri,20,41722,172,1,0.0357
LinkedIn,Carousel,Fri,20,36733,209,1,0.0321
LinkedIn,Text,Fri,20,46438,40,0,0.0233
LinkedIn,Image,Sat,8,46285,146,0,0.0161
LinkedIn,Video,Sat,8,22558,172,1,0.0317
LinkedIn,Carousel,Sat,8,24211,66,0,0.0284
LinkedIn,Text,Sat,8,25959,42,1,0.0265
LinkedIn,Image,Sat,10,47770,123,0,0.0195
LinkedIn,Video,Sat,10,16005,41,1,0.0267
LinkedIn,Carousel,Sat,10,10836,146,1,0.0258
LinkedIn,Text,Sat,10,21191,186,0,0.0204
LinkedIn,Image,Sat,12,39654,102,1,0.0198
LinkedIn,Video,Sat,12,27112,46,1,0.0268
LinkedIn,Carousel,Sat,12,30261,185,1,0.0301
LinkedIn,Text,Sat,12,39911,137,0,0.0202
LinkedIn,Image,Sat,14,28455,203,1,0.0254
LinkedIn,Video,Sat,14,12149,155,0,0.0243
LinkedIn,Carousel,Sat,14,38642,199,0,0.0255
LinkedIn,Text,Sat,14,8765,118,0,0.0178
LinkedIn,Image,Sat,16,34979,115,0,0.0166
LinkedIn,Video,Sat,16,4967,162,0,0.0279
LinkedIn,Carousel,Sat,16,27644,45,0,0.0222
LinkedIn,Text,Sat,16,41230,41,0,0.0217
LinkedIn,Image,Sat,18,31960,43,0,0.0238
LinkedIn,Video,Sat,18,19920,118,1,0.0339
LinkedIn,Carousel,Sat,18,20489,73,1,0.0350
LinkedIn,Text,Sat,18,6304,143,0,0.0219
LinkedIn,Image,Sat,20,45124,89,0,0.0217
LinkedIn,Video,Sat,20,49311,140,0,0.0320
LinkedIn,Carousel,Sat,20,5918,212,1,0.0341
LinkedIn,Text,Sat,20,33988,41,1,0.0245
LinkedIn,Image,Sun,8,44818,167,0,0.0194
LinkedIn,Video,Sun,8,47092,125,1,0.0285
LinkedIn,Carousel,Sun,8,23003,194,0,0.0246
LinkedIn,Text,Sun,8,32035,202,1,0.0253
LinkedIn,Image,Sun,10,49505,105,0,0.0189
LinkedIn,Video,Sun,10,43134,107,1,0.0327
LinkedIn,Carousel,Sun,10,31748,91,1,0.0298
LinkedIn,Text,Sun,10,43968,101,0,0.0209
LinkedIn,Image,Sun,12,16325,138,0,0.0186
LinkedIn,Video,Sun,12,43367,85,1,0.0270
LinkedIn,Carousel,Sun,12,28118,184,1,0.0280
LinkedIn,Text,Sun,12,3121,133,1,0.0219
LinkedIn,Image,Sun,14,48045,140,1,0.0232
LinkedIn,Video,Sun,14,9547,98,0,0.0281
LinkedIn,Carousel,Sun,14,2530,204,1,0.0308
LinkedIn,Text,Sun,14,7300,194,1,0.0228
LinkedIn,Image,Sun,16,25304,168,1,0.0239
LinkedIn,Video,Sun,16,31585,141,0,0.0272
LinkedIn,Carousel,Sun,16,47372,81,0,0.0236
LinkedIn,Text,Sun,16,45304,64,0,0.0192
LinkedIn,Image,Sun,18,34102,69,0,0.0218
LinkedIn,Video,Sun,18,14553,115,0,0.0343
LinkedIn,Carousel,Sun,18,29014,77,0,0.0287
LinkedIn,Text,Sun,18,41568,148,1,0.0265
LinkedIn,Image,Sun,20,29526,171,0,0.0230
LinkedIn,Video,Sun,20,1698,191,1,0.0325
LinkedIn,Carousel,Sun,20,25763,94,0,0.0293
LinkedIn,Text,Sun,20,6119,92,1,0.0260
Facebook,Image,Mon,8,15021,125,0,0.0199
Facebook,Video,Mon,8,6524,125,1,0.0292
Facebook,Carousel,Mon,8,36040,93,1,0.0230
Facebook,Text,Mon,8,42736,116,0,0.0215
Facebook,Image,Mon,10,49853,111,0,0.0203
Facebook,Video,Mon,10,23038,92,1,0.0242
Facebook,Carousel,Mon,10,14672,91,0,0.0236
Facebook,Text,Mon,10,16954,54,1,0.0191
Facebook,Image,Mon,12,19383,174,0,0.0176
Facebook,Video,Mon,12,13874,119,1,0.0283
Facebook,Carousel,Mon,12,7492,147,1,0.0287
Facebook,Text,Mon,12,43384,191,0,0.0160
Facebook,Image,Mon,14,8638,195,0,0.0142
Facebook,Video,Mon,14,21481,128,0,0.0218
Facebook,Carousel,Mon,14,3615,69,1,0.0279
Facebook,Text,Mon,14,4963,144,1,0.0214
Facebook,Image,Mon,16,1812,164,1,0.0232
Facebook,Video,Mon,16,29186,83,1,0.0230
Facebook,Carousel,Mon,16,11656,134,1,0.0252
Facebook,Text,Mon,16,34293,90,1,0.0200
Facebook,Image,Mon,18,24197,218,1,0.0279
Facebook,Video,Mon,18,36206,124,1,0.0325
Facebook,Carousel,Mon,18,35590,155,0,0.0288
Facebook,Text,Mon,18,47388,118,0,0.0209
Facebook,Image,Mon,20,35332,69,0,0.0204
Facebook,Video,Mon,20,17573,120,0,0.0279
Facebook,Carousel,Mon,20,789,96,1,0.0350
Facebook,Text,Mon,20,40528,53,1,0.0233
Facebook,Image,Tue,8,42495,168,1,0.0198
Facebook,Video,Tue,8,32267,42,1,0.0284
Facebook,Carousel,Tue,8,43226,180,0,0.0209
Facebook,Text,Tue,8,6467,210,0,0.0156
Facebook,Image,Tue,10,7335,111,0,0.0193
Facebook,Video,Tue,10,2375,93,0,0.0257
Facebook,Carousel,Tue,10,2967,71,0,0.0226
Facebook,Text,Tue,10,29668,198,1,0.0231
Facebook,Image,Tue,12,46256,43,0,0.0196
Facebook,Video,Tue,12,42828,43,0,0.0260
Facebook,Carousel,Tue,12,29010,72,1,0.0266
Facebook,Text,Tue,12,34707,145,1,0.0181
Facebook,Image,Tue,14,48263,117,1,0.0176
Facebook,Video,Tue,14,11310,179,1,0.0265
Facebook,Carousel,Tue,14,26047,101,1,0.0253
Facebook,Text,Tue,14,23097,83,1,0.0200
Facebook,Image,Tue,16,12572,138,1,0.0218
Facebook,Video,Tue,16,27019,170,1,0.0296
Facebook,Carousel,Tue,16,7076,200,1,0.0231
Facebook,Text,Tue,16,48616,133,1,0.0246
Facebook,Image,Tue,18,43086,204,1,0.0262
Facebook,Video,Tue,18,39936,104,1,0.0323
Facebook,Carousel,Tue,18,49285,165,0,0.0318
Facebook,Text,Tue,18,20050,62,0,0.0255
Facebook,Image,Tue,20,29527,141,0,0.0206
Facebook,Video,Tue,20,17699,74,1,0.0280
Facebook,Carousel,Tue,20,12157,91,0,0.0286
Facebook,Text,Tue,20,37563,70,1,0.0249
Facebook,Image,Wed,8,13082,172,0,0.0140
Facebook,Video,Wed,8,29303,117,1,0.0278
Facebook,Carousel,Wed,8,42219,121,1,0.0244
Facebook,Text,Wed,8,30628,189,1,0.0195
Facebook,Image,Wed,10,34504,161,1,0.0189
Facebook,Video,Wed,10,13719,181,0,0.0229
Facebook,Carousel,Wed,10,35666,58,1,0.0296
Facebook,Text,Wed,10,12237,49,1,0.0183
Facebook,Image,Wed,12,6656,83,1,0.0216
Facebook,Video,Wed,12,16131,161,0,0.0201
Facebook,Carousel,Wed,12,36240,98,1,0.0241
Facebook,Text,Wed,12,19232,183,0,0.0168
Facebook,Image,Wed,14,23376,188,1,0.0182
Facebook,Video,Wed,14,28592,211,1,0.0235
Facebook,Carousel,Wed,14,26909,45,0,0.0278
Facebook,Text,Wed,14,17992,147,1,0.0199
Facebook,Image,Wed,16,1025,86,0,0.0173
Facebook,Video,Wed,16,3382,141,1,0.0291
Facebook,Carousel,Wed,16,45511,59,1,0.0233
Facebook,Text,Wed,16,17895,134,0,0.0174
Facebook,Image,Wed,18,44430,129,1,0.0279
Facebook,Video,Wed,18,15837,218,1,0.0357
Facebook,Carousel,Wed,18,15750,138,1,0.0336
Facebook,Text,Wed,18,19365,197,0,0.0208
Facebook,Image,Wed,20,48762,40,0,0.0242
Facebook,Video,Wed,20,32326,107,0,0.0261
Facebook,Carousel,Wed,20,31574,175,1,0.0351
Facebook,Text,Wed,20,11324,143,1,0.0299
Facebook,Image,Thu,8,38047,140,0,0.0157
Facebook,Video,Thu,8,43284,67,0,0.0270
Facebook,Carousel,Thu,8,43885,187,1,0.0296
Facebook,Text,Thu,8,23863,106,1,0.0237
Facebook,Image,Thu,10,46313,209,1,0.0222
Facebook,Video,Thu,10,29043,79,1,0.0271
Facebook,Carousel,Thu,10,19215,122,1,0.0288
Facebook,Text,Thu,10,13163,217,1,0.0222
Facebook,Image,Thu,12,14491,206,0,0.0182
Facebook,Video,Thu,12,24967,190,1,0.0266
Facebook,Carousel,Thu,12,43018,70,0,0.0241
Facebook,Text,Thu,12,1766,208,1,0.0238
Facebook,Image,Thu,14,2553,199,1,0.0195
Facebook,Video,Thu,14,23879,72,0,0.0221
Facebook,Carousel,Thu,14,11823,161,1,0.0251
Facebook,Text,Thu,14,16233,81,1,0.0177
Facebook,Image,Thu,16,23761,43,1,0.0240
Facebook,Video,Thu,16,37104,147,1,0.0301
Facebook,Carousel,Thu,16,41412,140,1,0.0263
Facebook,Text,Thu,16,20240,130,1,0.0238
Facebook,Image,Thu,18,30922,89,0,0.0245
Facebook,Video,Thu,18,29190,69,1,0.0324
Facebook,Carousel,Thu,18,15887,191,1,0.0302
Facebook,Text,Thu,18,42398,103,1,0.0289
Facebook,Image,Thu,20,3711,59,0,0.0202
Facebook,Video,Thu,20,41446,97,0,0.0266
Facebook,Carousel,Thu,20,11599,176,0,0.0264
Facebook,Text,Thu,20,33485,156,0,0.0262
Facebook,Image,Fri,8,21722,93,1,0.0233
Facebook,Video,Fri,8,27692,96,0,0.0204
Facebook,Carousel,Fri,8,46585,57,1,0.0284
Facebook,Text,Fri,8,13413,86,1,0.0185
Facebook,Image,Fri,10,45668,129,0,0.0211
Facebook,Video,Fri,10,33272,208,0,0.0211
Facebook,Carousel,Fri,10,15277,204,1,0.0252
Facebook,Text,Fri,10,44557,55,0,0.0190
Facebook,Image,Fri,12,44666,130,0,0.0191
Facebook,Video,Fri,12,10951,200,0,0.0236
Facebook,Carousel,Fri,12,15991,67,0,0.0267
Facebook,Text,Fri,12,36874,120,0,0.0185
Facebook,Image,Fri,14,28397,46,1,0.0177
Facebook,Video,Fri,14,16861,168,1,0.0249
Facebook,Carousel,Fri,14,27089,187,0,0.0218
Facebook,Text,Fri,14,35063,108,0,0.0150
Facebook,Image,Fri,16,27259,46,1,0.0179
Facebook,Video,Fri,16,15868,179,1,0.0299
Facebook,Carousel,Fri,16,11300,62,0,0.0274
Facebook,Text,Fri,16,2454,84,0,0.0166
Facebook,Image,Fri,18,40289,125,1,0.0293
Facebook,Video,Fri,18,30591,114,0,0.0317
Facebook,Carousel,Fri,18,7633,131,0,0.0252
Facebook,Text,Fri,18,24013,120,0,0.0195
Facebook,Image,Fri,20,17476,70,0,0.0259
Facebook,Video,Fri,20,45519,198,1,0.0331
Facebook,Carousel,Fri,20,28111,138,0,0.0270
Facebook,Text,Fri,20,10725,180,1,0.0236
Facebook,Image,Sat,8,48991,57,1,0.0233
Facebook,Video,Sat,8,20124,179,1,0.0242
Facebook,Carousel,Sat,8,17294,61,0,0.0239
Facebook,Text,Sat,8,33862,63,1,0.0194
Facebook,Image,Sat,10,5188,197,1,0.0225
Facebook,Video,Sat,10,13294,96,1,0.0267
Facebook,Carousel,Sat,10,43751,202,1,0.0294
Facebook,Text,Sat,10,9901,79,0,0.0159
Facebook,Image,Sat,12,33669,156,1,0.0229
Facebook,Video,Sat,12,27653,191,1,0.0289
Facebook,Carousel,Sat,12,34134,183,1,0.0309
Facebook,Text,Sat,12,35455,137,1,0.0176
Facebook,Image,Sat,14,40125,197,1,0.0240
Facebook,Video,Sat,14,5730,138,1,0.0251
Facebook,Carousel,Sat,14,30932,116,0,0.0280
Facebook,Text,Sat,14,30252,185,1,0.0183
Facebook,Image,Sat,16,7589,189,1,0.0227
Facebook,Video,Sat,16,14361,152,1,0.0232
Facebook,Carousel,Sat,16,38787,113,1,0.0236
Facebook,Text,Sat,16,39310,88,0,0.0143
Facebook,Image,Sat,18,27451,173,1,0.0269
Facebook,Video,Sat,18,25091,150,0,0.0262
Facebook,Carousel,Sat,18,812,136,1,0.0316
Facebook,Text,Sat,18,16513,85,0,0.0242
Facebook,Image,Sat,20,7897,213,1,0.0293
Facebook,Video,Sat,20,48767,200,1,0.0330
Facebook,Carousel,Sat,20,20788,132,0,0.0302
Facebook,Text,Sat,20,38971,111,1,0.0246
Facebook,Image,Sun,8,681,92,1,0.0227
Facebook,Video,Sun,8,2852,104,0,0.0207
Facebook,Carousel,Sun,8,21580,188,1,0.0236
Facebook,Text,Sun,8,41764,141,0,0.0170
Facebook,Image,Sun,10,1748,117,1,0.0244
Facebook,Video,Sun,10,36988,74,1,0.0250
Facebook,Carousel,Sun,10,29010,168,0,0.0205
Facebook,Text,Sun,10,8109,103,0,0.0160
Facebook,Image,Sun,12,21669,120,1,0.0233
Facebook,Video,Sun,12,3545,145,0,0.0276
Facebook,Carousel,Sun,12,22823,68,1,0.0282
Facebook,Text,Sun,12,46555,102,1,0.0184
Facebook,Image,Sun,14,21205,83,1,0.0200
Facebook,Video,Sun,14,22315,65,0,0.0235
Facebook,Carousel,Sun,14,22924,85,1,0.0248
Facebook,Text,Sun,14,9061,160,1,0.0220
Facebook,Image,Sun,16,34604,114,0,0.0172
Facebook,Video,Sun,16,13058,66,0,0.0272
Facebook,Carousel,Sun,16,37458,101,1,0.0255
Facebook,Text,Sun,16,42617,91,0,0.0154
Facebook,Image,Sun,18,41516,186,0,0.0246
Facebook,Video,Sun,18,10735,90,1,0.0331
Facebook,Carousel,Sun,18,21632,100,0,0.0303
Facebook,Text,Sun,18,11865,142,0,0.0210
Facebook,Image,Sun,20,18923,119,0,0.0220
Facebook,Video,Sun,20,24776,125,1,0.0307
Facebook,Carousel,Sun,20,38171,152,0,0.0319
Facebook,Text,Sun,20,46832,89,1,0.0266
TikTok,Image,Mon,8,32140,97,1,0.0514
TikTok,Video,Mon,8,13464,217,1,0.0615
TikTok,Carousel,Mon,8,31713,69,1,0.0604
TikTok,Text,Mon,8,22729,209,0,0.0464
TikTok,Image,Mon,10,4518,196,1,0.0490
TikTok,Video,Mon,10,15906,117,1,0.0622
TikTok,Carousel,Mon,10,12230,194,1,0.0604
TikTok,Text,Mon,10,10232,120,1,0.0538
TikTok,Image,Mon,12,34298,95,1,0.0560
TikTok,Video,Mon,12,28326,60,1,0.0569
TikTok,Carousel,Mon,12,37994,71,1,0.0596
TikTok,Text,Mon,12,7602,75,0,0.0499
TikTok,Image,Mon,14,17467,122,1,0.0507
TikTok,Video,Mon,14,26670,59,0,0.0529
TikTok,Carousel,Mon,14,28455,62,0,0.0578
TikTok,Text,Mon,14,11031,169,1,0.0509
TikTok,Image,Mon,16,22062,199,1,0.0546
TikTok,Video,Mon,16,4229,140,0,0.0521
TikTok,Carousel,Mon,16,33648,182,1,0.0573
TikTok,Text,Mon,16,17241,80,1,0.0491
TikTok,Image,Mon,18,48953,60,0,0.0520
TikTok,Video,Mon,18,14626,195,0,0.0603
TikTok,Carousel,Mon,18,29534,144,1,0.0619
TikTok,Text,Mon,18,21953,169,1,0.0581
TikTok,Image,Mon,20,2199,94,0,0.0555
TikTok,Video,Mon,20,40042,191,1,0.0648
TikTok,Carousel,Mon,20,42878,197,0,0.0630
TikTok,Text,Mon,20,33135,158,1,0.0553
TikTok,Image,Tue,8,22623,62,1,0.0556
TikTok,Video,Tue,8,16966,151,1,0.0575
TikTok,Carousel,Tue,8,39425,65,0,0.0566
TikTok,Text,Tue,8,17193,76,0,0.0483
TikTok,Image,Tue,10,19762,154,1,0.0497
TikTok,Video,Tue,10,18841,115,0,0.0549
TikTok,Carousel,Tue,10,18654,97,1,0.0562
TikTok,Text,Tue,10,16206,161,0,0.0505
TikTok,Image,Tue,12,4619,203,0,0.0462
TikTok,Video,Tue,12,32576,193,1,0.0573
TikTok,Carousel,Tue,12,38651,141,1,0.0572
TikTok,Text,Tue,12,30277,202,0,0.0527
TikTok,Image,Tue,14,28284,168,0,0.0475
TikTok,Video,Tue,14,16802,78,1,0.0578
TikTok,Carousel,Tue,14,13114,112,1,0.0571
TikTok,Text,Tue,14,21641,220,0,0.0461
TikTok,Image,Tue,16,1706,193,1,0.0497
TikTok,Video,Tue,16,39205,206,1,0.0616
TikTok,Carousel,Tue,16,28852,67,0,0.0566
TikTok,Text,Tue,16,8605,128,0,0.0474
TikTok,Image,Tue,18,8972,197,0,0.0554
TikTok,Video,Tue,18,44796,157,1,0.0624
TikTok,Carousel,Tue,18,14121,211,1,0.0647
TikTok,Text,Tue,18,23647,202,1,0.0595
TikTok,Image,Tue,20,35581,204,0,0.0540
TikTok,Video,Tue,20,24250,72,1,0.0672
TikTok,Carousel,Tue,20,41495,110,0,0.0604
TikTok,Text,Tue,20,24125,158,1,0.0548
TikTok,Image,Wed,8,1452,149,1,0.0526
TikTok,Video,Wed,8,40235,174,1,0.0579
TikTok,Carousel,Wed,8,31031,131,0,0.0580
TikTok,Text,Wed,8,10918,70,0,0.0467
TikTok,Image,Wed,10,19132,135,1,0.0532
TikTok,Video,Wed,10,39001,121,0,0.0582
TikTok,Carousel,Wed,10,538,92,1,0.0596
TikTok,Text,Wed,10,30246,117,1,0.0509
TikTok,Image,Wed,12,21520,142,1,0.0552
TikTok,Video,Wed,12,13684,203,1,0.0625
TikTok,Carousel,Wed,12,16042,88,0,0.0530
TikTok,Text,Wed,12,4884,107,1,0.0514
TikTok,Image,Wed,14,9216,170,1,0.0562
TikTok,Video,Wed,14,28063,207,1,0.0606
TikTok,Carousel,Wed,14,19546,100,0,0.0559
TikTok,Text,Wed,14,17504,59,0,0.0520
TikTok,Image,Wed,16,2006,153,0,0.0526
TikTok,Video,Wed,16,44478,52,0,0.0577
TikTok,Carousel,Wed,16,31467,201,1,0.0577
TikTok,Text,Wed,16,39679,119,0,0.0461
TikTok,Image,Wed,18,18370,200,1,0.0562
TikTok,Video,Wed,18,16758,214,0,0.0615
TikTok,Carousel,Wed,18,34317,191,0,0.0608
TikTok,Text,Wed,18,36799,59,1,0.0614
TikTok,Image,Wed,20,41914,153,0,0.0575
TikTok,Video,Wed,20,663,119,1,0.0627
TikTok,Carousel,Wed,20,41698,120,1,0.0648
TikTok,Text,Wed,20,9541,117,1,0.0562
TikTok,Image,Thu,8,16867,175,1,0.0499
TikTok,Video,Thu,8,33952,130,0,0.0550
TikTok,Carousel,Thu,8,39330,61,1,0.0614
TikTok,Text,Thu,8,20381,88,0,0.0462
TikTok,Image,Thu,10,6131,174,1,0.0533
TikTok,Video,Thu,10,8080,193,0,0.0600
TikTok,Carousel,Thu,10,13971,182,1,0.0618
TikTok,Text,Thu,10,43103,193,1,0.0519
TikTok,Image,Thu,12,48542,186,1,0.0496
TikTok,Video,Thu,12,27215,136,0,0.0580
TikTok,Carousel,Thu,12,25790,161,0,0.0581
TikTok,Text,Thu,12,24872,134,0,0.0522
TikTok,Image,Thu,14,22899,121,0,0.0477
TikTok,Video,Thu,14,48454,159,0,0.0541
TikTok,Carousel,Thu,14,21631,181,1,0.0578
TikTok,Text,Thu,14,29164,209,1,0.0567
TikTok,Image,Thu,16,25111,106,1,0.0530
TikTok,Video,Thu,16,40951,115,0,0.0526
TikTok,Carousel,Thu,16,36219,179,0,0.0528
TikTok,Text,Thu,16,24987,165,1,0.0552
TikTok,Image,Thu,18,18338,94,0,0.0588
TikTok,Video,Thu,18,38795,163,1,0.0657
TikTok,Carousel,Thu,18,32772,187,0,0.0571
TikTok,Text,Thu,18,12849,101,1,0.0569
TikTok,Image,Thu,20,41531,204,1,0.0596
TikTok,Video,Thu,20,10426,120,1,0.0657
TikTok,Carousel,Thu,20,13424,82,1,0.0600
TikTok,Text,Thu,20,27422,63,0,0.0559
TikTok,Image,Fri,8,25985,123,0,0.0517
TikTok,Video,Fri,8,26394,49,0,0.0541
TikTok,Carousel,Fri,8,46111,102,0,0.0569
TikTok,Text,Fri,8,38207,179,0,0.0466
TikTok,Image,Fri,10,40234,126,0,0.0498
TikTok,Video,Fri,10,45418,67,1,0.0572
TikTok,Carousel,Fri,10,49980,59,0,0.0523
TikTok,Text,Fri,10,14670,177,1,0.0496
TikTok,Image,Fri,12,42104,204,0,0.0462
TikTok,Video,Fri,12,29208,46,1,0.0588
TikTok,Carousel,Fri,12,9990,203,1,0.0603
TikTok,Text,Fri,12,29483,212,1,0.0526
TikTok,Image,Fri,14,48458,110,1,0.0570
TikTok,Video,Fri,14,46619,140,0,0.0552
TikTok,Carousel,Fri,14,37841,64,1,0.0626
TikTok,Text,Fri,14,1953,108,0,0.0474
TikTok,Image,Fri,16,17906,216,0,0.0516
TikTok,Video,Fri,16,16377,172,1,0.0560
TikTok,Carousel,Fri,16,43014,200,0,0.0597
TikTok,Text,Fri,16,19112,197,0,0.0527
TikTok,Image,Fri,18,1892,192,1,0.0579
TikTok,Video,Fri,18,36311,91,1,0.0641
TikTok,Carousel,Fri,18,31393,90,1,0.0636
TikTok,Text,Fri,18,30156,136,1,0.0602
TikTok,Image,Fri,20,32734,175,0,0.0568
TikTok,Video,Fri,20,8178,98,0,0.0628
TikTok,Carousel,Fri,20,34106,56,0,0.0647
TikTok,Text,Fri,20,33626,194,1,0.0614
TikTok,Image,Sat,8,14586,101,0,0.0533
TikTok,Video,Sat,8,37721,83,1,0.0556
TikTok,Carousel,Sat,8,18960,117,0,0.0556
TikTok,Text,Sat,8,3604,50,0,0.0532
TikTok,Image,Sat,10,40728,130,1,0.0517
TikTok,Video,Sat,10,41161,117,1,0.0591
TikTok,Carousel,Sat,10,36494,213,0,0.0548
TikTok,Text,Sat,10,714,142,1,0.0555
TikTok,Image,Sat,12,5878,84,0,0.0510
TikTok,Video,Sat,12,9178,133,1,0.0556
TikTok,Carousel,Sat,12,7225,84,1,0.0569
TikTok,Text,Sat,12,25934,66,0,0.0482
TikTok,Image,Sat,14,29532,192,1,0.0535
TikTok,Video,Sat,14,48981,50,0,0.0542
TikTok,Carousel,Sat,14,43098,157,1,0.0612
TikTok,Text,Sat,14,12029,120,0,0.0505
TikTok,Image,Sat,16,40041,142,0,0.0494
TikTok,Video,Sat,16,47445,69,1,0.0575
TikTok,Carousel,Sat,16,10906,96,0,0.0596
TikTok,Text,Sat,16,31440,169,0,0.0463
TikTok,Image,Sat,18,12625,98,1,0.0562
TikTok,Video,Sat,18,20501,114,0,0.0572
TikTok,Carousel,Sat,18,13478,113,1,0.0641
TikTok,Text,Sat,18,35389,148,1,0.0584
TikTok,Image,Sat,20,21301,98,1,0.0572
TikTok,Video,Sat,20,13113,131,0,0.0598
TikTok,Carousel,Sat,20,44181,116,0,0.0591
TikTok,Text,Sat,20,30962,69,0,0.0565
TikTok,Image,Sun,8,14698,76,1,0.0505
TikTok,Video,Sun,8,14800,47,1,0.0575
TikTok,Carousel,Sun,8,38942,93,0,0.0598
TikTok,Text,Sun,8,10428,51,1,0.0517
TikTok,Image,Sun,10,12006,152,1,0.0530
TikTok,Video,Sun,10,45303,212,0,0.0571
TikTok,Carousel,Sun,10,17433,71,0,0.0596
TikTok,Text,Sun,10,23790,184,1,0.0562
TikTok,Image,Sun,12,29157,153,1,0.0543
TikTok,Video,Sun,12,22854,82,0,0.0550
TikTok,Carousel,Sun,12,47557,117,1,0.0593
TikTok,Text,Sun,12,5404,83,1,0.0549
TikTok,Image,Sun,14,46618,180,0,0.0540
TikTok,Video,Sun,14,5372,83,1,0.0568
TikTok,Carousel,Sun,14,19614,77,1,0.0623
TikTok,Text,Sun,14,39813,112,1,0.0554
TikTok,Image,Sun,16,23846,56,1,0.0503
TikTok,Video,Sun,16,46387,120,1,0.0614
TikTok,Carousel,Sun,16,31310,147,1,0.0574
TikTok,Text,Sun,16,7536,85,0,0.0520
TikTok,Image,Sun,18,11158,193,1,0.0591
TikTok,Video,Sun,18,27075,115,0,0.0588
TikTok,Carousel,Sun,18,35730,98,1,0.0606
TikTok,Text,Sun,18,26113,146,1,0.0611
TikTok,Image,Sun,20,49554,175,0,0.0513
TikTok,Video,Sun,20,39777,196,1,0.0671
TikTok,Carousel,Sun,20,35385,67,1,0.0644
TikTok,Text,Sun,20,4306,177,0,0.0521
X,Image,Mon,8,28585,177,0,0.0126
X,Video,Mon,8,46052,114,1,0.0222
X,Carousel,Mon,8,9659,208,1,0.0224
X,Text,Mon,8,15262,74,0,0.0120
X,Image,Mon,10,29089,55,0,0.0108
X,Video,Mon,10,45644,191,1,0.0177
X,Carousel,Mon,10,28667,216,0,0.0176
X,Text,Mon,10,48144,103,0,0.0102
X,Image,Mon,12,45767,211,0,0.0125
X,Video,Mon,12,1225,82,1,0.0176
X,Carousel,Mon,12,21475,152,0,0.0154
X,Text,Mon,12,16518,118,0,0.0110
X,Image,Mon,14,37524,168,0,0.0091
X,Video,Mon,14,37227,90,0,0.0216
X,Carousel,Mon,14,7625,145,0,0.0184
X,Text,Mon,14,4732,166,0,0.0138
X,Image,Mon,16,30014,73,0,0.0123
X,Video,Mon,16,20411,151,0,0.0142
X,Carousel,Mon,16,2087,51,0,0.0170
X,Text,Mon,16,44911,106,0,0.0129
X,Image,Mon,18,8236,166,1,0.0232
X,Video,Mon,18,39554,69,0,0.0243
X,Carousel,Mon,18,27053,211,0,0.0253
X,Text,Mon,18,45740,142,0,0.0168
X,Image,Mon,20,3794,87,1,0.0181
X,Video,Mon,20,44765,113,1,0.0249
X,Carousel,Mon,20,21473,214,1,0.0265
X,Text,Mon,20,49655,218,0,0.0164
X,Image,Tue,8,26372,190,1,0.0151
X,Video,Tue,8,40993,185,1,0.0194
X,Carousel,Tue,8,44774,134,0,0.0173
X,Text,Tue,8,11483,160,1,0.0155
X,Image,Tue,10,29241,170,1,0.0150
X,Video,Tue,10,958,46,0,0.0156
X,Carousel,Tue,10,36735,194,1,0.0182
X,Text,Tue,10,35699,102,0,0.0096
X,Image,Tue,12,8338,98,1,0.0157
X,Video,Tue,12,1743,165,0,0.0193
X,Carousel,Tue,12,36080,53,0,0.0188
X,Text,Tue,12,11162,84,1,0.0151
X,Image,Tue,14,1218,192,0,0.0090
X,Video,Tue,14,16293,147,1,0.0181
X,Carousel,Tue,14,34117,159,1,0.0202
X,Text,Tue,14,42482,153,0,0.0131
X,Image,Tue,16,28163,47,0,0.0086
X,Video,Tue,16,32052,93,0,0.0180
X,Carousel,Tue,16,7294,178,1,0.0208
X,Text,Tue,16,24674,167,0,0.0115
X,Image,Tue,18,48035,85,1,0.0163
X,Video,Tue,18,12201,145,1,0.0280
X,Carousel,Tue,18,11797,60,1,0.0252
X,Text,Tue,18,5679,131,1,0.0177
X,Image,Tue,20,22025,125,1,0.0189
X,Video,Tue,20,6338,41,0,0.0224
X,Carousel,Tue,20,29654,153,0,0.0242
X,Text,Tue,20,9988,131,0,0.0167
X,Image,Wed,8,29867,116,0,0.0104
X,Video,Wed,8,35656,111,1,0.0191
X,Carousel,Wed,8,22921,61,1,0.0247
X,Text,Wed,8,29864,42,0,0.0114
X,Image,Wed,10,15440,168,1,0.0111
X,Video,Wed,10,18243,94,1,0.0241
X,Carousel,Wed,10,21362,156,1,0.0234
X,Text,Wed,10,42465,185,0,0.0100
X,Image,Wed,12,36217,113,0,0.0122
X,Video,Wed,12,23365,214,0,0.0170
X,Carousel,Wed,12,19105,214,0,0.0155
X,Text,Wed,12,42802,89,0,0.0140
X,Image,Wed,14,25170,216,0,0.0123
X,Video,Wed,14,5895,124,0,0.0144
X,Carousel,Wed,14,2903,122,1,0.0227
X,Text,Wed,14,43651,163,1,0.0117
X,Image,Wed,16,14056,207,1,0.0148
X,Video,Wed,16,12695,117,1,0.0225
X,Carousel,Wed,16,47805,92,0,0.0172
X,Text,Wed,16,43346,173,0,0.0125
X,Image,Wed,18,45888,109,1,0.0230
X,Video,Wed,18,30750,66,0,0.0253
X,Carousel,Wed,18,49716,183,1,0.0257
X,Text,Wed,18,30206,192,1,0.0189
X,Image,Wed,20,39668,99,1,0.0176
X,Video,Wed,20,14259,208,1,0.0220
X,Carousel,Wed,20,23654,183,0,0.0214
X,Text,Wed,20,3916,101,0,0.0131
X,Image,Thu,8,27918,129,1,0.0158
X,Video,Thu,8,20153,112,1,0.0200
X,Carousel,Thu,8,10024,83,1,0.0237
X,Text,Thu,8,1453,204,0,0.0114
X,Image,Thu,10,41295,112,0,0.0137
X,Video,Thu,10,31235,158,1,0.0245
X,Carousel,Thu,10,26418,185,1,0.0215
X,Text,Thu,10,46535,194,0,0.0084
X,Image,Thu,12,10314,162,1,0.0137
X,Video,Thu,12,4276,88,1,0.0180
X,Carousel,Thu,12,24504,86,1,0.0243
X,Text,Thu,12,16881,45,1,0.0126
X,Image,Thu,14,16116,107,1,0.0139
X,Video,Thu,14,979,101,0,0.0198
X,Carousel,Thu,14,26598,102,0,0.0189
X,Text,Thu,14,3176,170,0,0.0129
X,Image,Thu,16,47701,81,1,0.0129
X,Video,Thu,16,36798,121,0,0.0140
X,Carousel,Thu,16,15327,111,0,0.0145
X,Text,Thu,16,37561,168,0,0.0085
X,Image,Thu,18,34523,90,0,0.0159
X,Video,Thu,18,4206,40,0,0.0259
X,Carousel,Thu,18,2901,59,1,0.0265
X,Text,Thu,18,10331,110,0,0.0163
X,Image,Thu,20,32979,47,1,0.0166
X,Video,Thu,20,31490,63,0,0.0215
X,Carousel,Thu,20,997,122,0,0.0245
X,Text,Thu,20,9172,93,1,0.0184
X,Image,Fri,8,45889,147,1,0.0173
X,Video,Fri,8,21649,169,1,0.0233
X,Carousel,Fri,8,45827,103,0,0.0152
X,Text,Fri,8,46139,60,0,0.0110
X,Image,Fri,10,42891,48,0,0.0097
X,Video,Fri,10,16355,109,0,0.0186
X,Carousel,Fri,10,41791,84,1,0.0203
X,Text,Fri,10,8466,137,1,0.0141
X,Image,Fri,12,21759,206,1,0.0189
X,Video,Fri,12,31033,104,1,0.0236
X,Carousel,Fri,12,10286,151,0,0.0217
X,Text,Fri,12,41322,169,0,0.0148
X,Image,Fri,14,44899,70,1,0.0141
X,Video,Fri,14,32945,206,0,0.0206
X,Carousel,Fri,14,5334,52,0,0.0154
X,Text,Fri,14,37815,210,1,0.0176
X,Image,Fri,16,5885,148,0,0.0145
X,Video,Fri,16,20507,170,1,0.0215
X,Carousel,Fri,16,33203,178,1,0.0214
X,Text,Fri,16,29847,190,1,0.0123
X,Image,Fri,18,35377,49,0,0.0153
X,Video,Fri,18,27904,85,0,0.0219
X,Carousel,Fri,18,39188,127,1,0.0292
X,Text,Fri,18,10765,125,1,0.0188
X,Image,Fri,20,8506,170,1,0.0211
X,Video,Fri,20,22554,210,0,0.0218
X,Carousel,Fri,20,14526,213,1,0.0254
X,Text,Fri,20,30206,83,0,0.0198
X,Image,Sat,8,33414,159,0,0.0137
X,Video,Sat,8,43849,71,1,0.0250
X,Carousel,Sat,8,3589,76,1,0.0180
X,Text,Sat,8,5192,40,0,0.0106
X,Image,Sat,10,4246,116,1,0.0140
X,Video,Sat,10,28083,178,0,0.0211
X,Carousel,Sat,10,3155,89,1,0.0228
X,Text,Sat,10,19214,74,1,0.0133
X,Image,Sat,12,9811,56,0,0.0107
X,Video,Sat,12,4486,46,0,0.0141
X,Carousel,Sat,12,10942,105,1,0.0188
X,Text,Sat,12,38161,127,0,0.0108
X,Image,Sat,14,12326,47,1,0.0142
X,Video,Sat,14,47422,136,1,0.0211
X,Carousel,Sat,14,20849,142,1,0.0214
X,Text,Sat,14,9018,161,0,0.0103
X,Image,Sat,16,26709,118,1,0.0154
X,Video,Sat,16,18568,177,1,0.0176
X,Carousel,Sat,16,17635,205,1,0.0190
X,Text,Sat,16,880,118,1,0.0164
X,Image,Sat,18,36002,72,1,0.0176
X,Video,Sat,18,42707,136,0,0.0211
X,Carousel,Sat,18,45634,215,1,0.0282
X,Text,Sat,18,25118,110,1,0.0192
X,Image,Sat,20,40443,196,1,0.0196
X,Video,Sat,20,27257,97,0,0.0243
X,Carousel,Sat,20,25806,87,1,0.0272
X,Text,Sat,20,15684,74,0,0.0142
X,Image,Sun,8,8282,63,1,0.0175
X,Video,Sun,8,25317,187,0,0.0180
X,Carousel,Sun,8,43378,172,0,0.0178
X,Text,Sun,8,10154,218,1,0.0132
X,Image,Sun,10,21379,80,1,0.0121
X,Video,Sun,10,40465,110,1,0.0223
X,Carousel,Sun,10,15607,122,1,0.0243
X,Text,Sun,10,31676,100,0,0.0095
X,Image,Sun,12,18499,120,0,0.0091
X,Video,Sun,12,38562,218,1,0.0209
X,Carousel,Sun,12,5306,137,1,0.0241
X,Text,Sun,12,42897,199,0,0.0092
X,Image,Sun,14,13610,191,1,0.0128
X,Video,Sun,14,24890,124,0,0.0193
X,Carousel,Sun,14,20887,196,1,0.0185
X,Text,Sun,14,3629,42,1,0.0179
X,Image,Sun,16,21663,127,0,0.0098
X,Video,Sun,16,41328,59,1,0.0195
X,Carousel,Sun,16,28432,114,0,0.0148
X,Text,Sun,16,2995,182,0,0.0105
X,Image,Sun,18,20318,42,1,0.0192
X,Video,Sun,18,47155,133,0,0.0242
X,Carousel,Sun,18,27176,208,0,0.0238
X,Text,Sun,18,26629,99,0,0.0176
X,Image,Sun,20,47048,172,1,0.0185
X,Video,Sun,20,49207,61,0,0.0268
X,Carousel,Sun,20,22264,43,1,0.0288
X,Text,Sun,20,41042,182,1,0.0222